Date,"Robotics"
2015-07-01,1598
2015-07-02,1510
2015-07-03,1268
2015-07-04,1197
2015-07-05,1416
2015-07-06,1623
2015-07-07,1773
2015-07-08,1772
2015-07-09,1528
2015-07-10,1422
2015-07-11,1231
2015-07-12,1199
2015-07-13,1627
2015-07-14,1800
2015-07-15,1460
2015-07-16,1517
2015-07-17,1309
2015-07-18,1245
2015-07-19,1148
2015-07-20,1502
2015-07-21,1531
2015-07-22,1504
2015-07-23,1499
2015-07-24,1426
2015-07-25,1154
2015-07-26,1373
2015-07-27,1431
2015-07-28,1555
2015-07-29,1486
2015-07-30,1547
2015-07-31,1610
2015-08-01,1242
2015-08-02,1322
2015-08-03,1507
2015-08-04,1666
2015-08-05,1561
2015-08-06,2051
2015-08-07,1379
2015-08-08,1303
2015-08-09,1422
2015-08-10,1586
2015-08-11,1546
2015-08-12,1770
2015-08-13,1593
2015-08-14,1343
2015-08-15,1151
2015-08-16,1315
2015-08-17,1747
2015-08-18,1782
2015-08-19,1750
2015-08-20,1847
2015-08-21,1849
2015-08-22,1447
2015-08-23,1491
2015-08-24,1820
2015-08-25,1985
2015-08-26,2045
2015-08-27,2209
2015-08-28,1722
2015-08-29,1185
2015-08-30,1333
2015-08-31,1785
2015-09-01,1787
2015-09-02,1961
2015-09-03,1809
2015-09-04,1720
2015-09-05,1305
2015-09-06,1490
2015-09-07,1727
2015-09-08,2011
2015-09-09,2052
2015-09-10,2159
2015-09-11,1979
2015-09-12,1513
2015-09-13,1624
2015-09-14,2398
2015-09-15,2147
2015-09-16,2042
2015-09-17,1857
2015-09-18,1693
2015-09-19,1523
2015-09-20,1457
2015-09-21,2073
2015-09-22,2070
2015-09-23,1707
2015-09-24,1800
2015-09-25,1734
2015-09-26,1347
2015-09-27,1427
2015-09-28,1921
2015-09-29,2034
2015-09-30,1976
2015-10-01,1671
2015-10-02,1690
2015-10-03,1416
2015-10-04,1603
2015-10-05,1947
2015-10-06,2090
2015-10-07,2085
2015-10-08,1994
2015-10-09,1793
2015-10-10,2077
2015-10-11,1553
2015-10-12,1938
2015-10-13,2014
2015-10-14,1920
2015-10-15,1907
2015-10-16,1816
2015-10-17,1464
2015-10-18,1535
2015-10-19,2097
2015-10-20,1806
2015-10-21,1719
2015-10-22,1566
2015-10-23,1612
2015-10-24,1294
2015-10-25,1326
2015-10-26,1717
2015-10-27,1718
2015-10-28,1770
2015-10-29,1720
2015-10-30,1601
2015-10-31,1208
2015-11-01,1510
2015-11-02,1845
2015-11-03,1818
2015-11-04,1844
2015-11-05,1908
2015-11-06,1840
2015-11-07,1371
2015-11-08,1397
2015-11-09,1632
2015-11-10,1660
2015-11-11,1829
2015-11-12,1990
2015-11-13,1492
2015-11-14,1184
2015-11-15,1407
2015-11-16,1748
2015-11-17,2508
2015-11-18,1715
2015-11-19,1830
2015-11-20,1660
2015-11-21,1224
2015-11-22,1396
2015-11-23,1648
2015-11-24,2045
2015-11-25,1669
2015-11-26,1460
2015-11-27,1393
2015-11-28,1283
2015-11-29,1539
2015-11-30,2062
2015-12-01,1915
2015-12-02,1915
2015-12-03,1720
2015-12-04,1690
2015-12-05,1207
2015-12-06,1484
2015-12-07,1824
2015-12-08,1943
2015-12-09,1880
2015-12-10,1901
2015-12-11,1714
2015-12-12,1387
2015-12-13,1328
2015-12-14,1620
2015-12-15,2644
2015-12-16,1581
2015-12-17,1585
2015-12-18,1346
2015-12-19,1178
2015-12-20,1063
2015-12-21,1387
2015-12-22,1249
2015-12-23,1089
2015-12-24,1079
2015-12-25,806
2015-12-26,1002
2015-12-27,963
2015-12-28,1135
2015-12-29,1221
2015-12-30,1189
2015-12-31,930
2016-01-01,879
2016-01-02,1055
2016-01-03,1412
2016-01-04,1779
2016-01-05,1730
2016-01-06,1705
2016-01-07,1719
2016-01-08,1622
2016-01-09,1278
2016-01-10,1402
2016-01-11,1912
2016-01-12,1711
2016-01-13,1674
2016-01-14,1604
2016-01-15,1560
2016-01-16,1267
2016-01-17,1424
2016-01-18,1775
2016-01-19,2003
2016-01-20,2077
2016-01-21,2041
2016-01-22,1649
2016-01-23,1373
2016-01-24,1492
2016-01-25,1708
2016-01-26,1840
2016-01-27,1818
2016-01-28,1932
2016-01-29,1973
2016-01-30,1456
2016-01-31,1783
2016-02-01,2123
2016-02-02,2087
2016-02-03,2046
2016-02-04,1973
2016-02-05,1872
2016-02-06,1462
2016-02-07,1584
2016-02-08,2118
2016-02-09,2304
2016-02-10,2021
2016-02-11,2034
2016-02-12,1699
2016-02-13,1410
2016-02-14,1548
2016-02-15,2026
2016-02-16,1967
2016-02-17,2101
2016-02-18,2106
2016-02-19,1857
2016-02-20,1439
2016-02-21,1616
2016-02-22,2123
2016-02-23,2173
2016-02-24,2128
2016-02-25,2197
2016-02-26,1862
2016-02-27,1523
2016-02-28,1715
2016-02-29,1991
2016-03-01,2096
2016-03-02,2021
2016-03-03,1902
2016-03-04,1733
2016-03-05,1404
2016-03-06,1503
2016-03-07,1851
2016-03-08,2010
2016-03-09,2136
2016-03-10,2092
2016-03-11,1878
2016-03-12,1300
2016-03-13,1430
2016-03-14,1803
2016-03-15,1873
2016-03-16,1784
2016-03-17,1847
2016-03-18,1647
2016-03-19,1206
2016-03-20,1416
2016-03-21,1705
2016-03-22,1707
2016-03-23,1486
2016-03-24,1402
2016-03-25,1134
2016-03-26,1138
2016-03-27,1205
2016-03-28,1548
2016-03-29,1659
2016-03-30,1730
2016-03-31,1676
2016-04-01,1549
2016-04-02,1170
2016-04-03,1269
2016-04-04,1681
2016-04-05,1804
2016-04-06,1959
2016-04-07,1670
2016-04-08,1453
2016-04-09,1288
2016-04-10,1586
2016-04-11,2019
2016-04-12,1946
2016-04-13,1746
2016-04-14,1587
2016-04-15,1506
2016-04-16,1186
2016-04-17,1295
2016-04-18,1745
2016-04-19,1774
2016-04-20,1643
2016-04-21,1626
2016-04-22,1489
2016-04-23,1221
2016-04-24,1326
2016-04-25,1853
2016-04-26,1918
2016-04-27,1770
2016-04-28,1907
2016-04-29,1480
2016-04-30,1212
2016-05-01,1281
2016-05-02,1654
2016-05-03,1805
2016-05-04,1639
2016-05-05,1643
2016-05-06,1448
2016-05-07,1128
2016-05-08,1281
2016-05-09,1715
2016-05-10,1666
2016-05-11,1902
2016-05-12,1711
2016-05-13,1448
2016-05-14,1179
2016-05-15,1244
2016-05-16,1610
2016-05-17,1685
2016-05-18,1660
2016-05-19,1847
2016-05-20,1683
2016-05-21,1360
2016-05-22,1289
2016-05-23,1727
2016-05-24,1772
2016-05-25,1776
2016-05-26,1664
2016-05-27,1473
2016-05-28,1177
2016-05-29,1627
2016-05-30,1584
2016-05-31,1647
2016-06-01,1627
2016-06-02,1539
2016-06-03,1374
2016-06-04,1132
2016-06-05,1414
2016-06-06,1773
2016-06-07,1693
2016-06-08,1642
2016-06-09,1588
2016-06-10,1478
2016-06-11,1362
2016-06-12,1565
2016-06-13,1743
2016-06-14,1753
2016-06-15,1715
2016-06-16,1774
2016-06-17,1482
2016-06-18,1445
2016-06-19,1466
2016-06-20,1630
2016-06-21,1748
2016-06-22,1538
2016-06-23,1646
2016-06-24,1409
2016-06-25,1277
2016-06-26,1359
2016-06-27,1569
2016-06-28,1558
2016-06-29,1582
2016-06-30,1569
2016-07-01,1370
2016-07-02,1175
2016-07-03,1284
2016-07-04,1466
2016-07-05,1570
2016-07-06,1434
2016-07-07,1422
2016-07-08,1285
2016-07-09,1204
2016-07-10,1286
2016-07-11,1354
2016-07-12,1605
2016-07-13,1539
2016-07-14,1416
2016-07-15,1310
2016-07-16,1066
2016-07-17,1279
2016-07-18,1436
2016-07-19,1641
2016-07-20,1466
2016-07-21,1487
2016-07-22,1593
2016-07-23,1138
2016-07-24,1347
2016-07-25,1408
2016-07-26,1748
2016-07-27,1483
2016-07-28,1549
2016-07-29,1422
2016-07-30,1188
2016-07-31,1264
2016-08-01,1485
2016-08-02,1469
2016-08-03,1562
2016-08-04,1563
2016-08-05,1450
2016-08-06,1270
2016-08-07,1339
2016-08-08,1554
2016-08-09,1665
2016-08-10,1696
2016-08-11,1847
2016-08-12,1400
2016-08-13,1036
2016-08-14,1208
2016-08-15,1505
2016-08-16,1688
2016-08-17,1593
2016-08-18,1627
2016-08-19,1596
2016-08-20,1276
2016-08-21,1471
2016-08-22,1771
2016-08-23,1966
2016-08-24,1835
2016-08-25,2071
2016-08-26,1743
2016-08-27,1498
2016-08-28,1769
2016-08-29,2116
2016-08-30,2026
2016-08-31,2040
2016-09-01,1861
2016-09-02,2185
2016-09-03,1194
2016-09-04,1383
2016-09-05,1616
2016-09-06,1977
2016-09-07,1913
2016-09-08,1856
2016-09-09,1758
2016-09-10,1457
2016-09-11,1555
2016-09-12,1951
2016-09-13,1994
2016-09-14,2038
2016-09-15,2065
2016-09-16,1911
2016-09-17,1374
2016-09-18,1589
2016-09-19,2065
2016-09-20,2105
2016-09-21,1972
2016-09-22,2460
2016-09-23,1862
2016-09-24,1340
2016-09-25,1508
2016-09-26,1954
2016-09-27,2420
2016-09-28,2095
2016-09-29,2026
2016-09-30,1729
2016-10-01,1437
2016-10-02,1563
2016-10-03,1985
2016-10-04,2216
2016-10-05,2240
2016-10-06,2056
2016-10-07,1714
2016-10-08,1348
2016-10-09,1360
2016-10-10,1745
2016-10-11,1812
2016-10-12,1966
2016-10-13,1912
2016-10-14,1738
2016-10-15,1329
2016-10-16,1583
2016-10-17,2063
2016-10-18,1999
2016-10-19,1967
2016-10-20,1862
2016-10-21,1755
2016-10-22,1328
2016-10-23,1534
2016-10-24,2150
2016-10-25,1949
2016-10-26,1904
2016-10-27,1758
2016-10-28,1541
2016-10-29,1137
2016-10-30,1142
2016-10-31,2066
2016-11-01,1661
2016-11-02,1799
2016-11-03,2272
2016-11-04,1776
2016-11-05,1437
2016-11-06,1603
2016-11-07,2080
2016-11-08,2175
2016-11-09,1864
2016-11-10,2095
2016-11-11,1566
2016-11-12,1384
2016-11-13,1577
2016-11-14,2173
2016-11-15,1944
2016-11-16,2025
2016-11-17,1976
2016-11-18,1669
2016-11-19,1356
2016-11-20,1562
2016-11-21,2152
2016-11-22,1993
2016-11-23,1741
2016-11-24,1805
2016-11-25,1773
2016-11-26,1337
2016-11-27,1602
2016-11-28,2078
2016-11-29,2063
2016-11-30,2329
2016-12-01,1894
2016-12-02,1572
2016-12-03,1271
2016-12-04,1581
2016-12-05,1864
2016-12-06,2581
2016-12-07,2216
2016-12-08,1845
2016-12-09,1757
2016-12-10,1268
2016-12-11,1290
2016-12-12,1872
2016-12-13,1789
2016-12-14,1703
2016-12-15,1649
2016-12-16,1483
2016-12-17,1236
2016-12-18,1323
2016-12-19,1685
2016-12-20,1652
2016-12-21,2578
2016-12-22,1594
2016-12-23,1212
2016-12-24,1049
2016-12-25,1045
2016-12-26,1161
2016-12-27,1255
2016-12-28,1294
2016-12-29,1702
2016-12-30,1174
2016-12-31,950
2017-01-01,973
2017-01-02,1463
2017-01-03,1739
2017-01-04,2055
2017-01-05,1957
2017-01-06,1767
2017-01-07,1363
2017-01-08,1496
2017-01-09,2014
2017-01-10,2116
2017-01-11,1979
2017-01-12,2056
2017-01-13,1675
2017-01-14,1352
2017-01-15,1584
2017-01-16,1731
2017-01-17,2108
2017-01-18,2000
2017-01-19,1941
2017-01-20,1631
2017-01-21,1301
2017-01-22,1400
2017-01-23,1957
2017-01-24,2223
2017-01-25,1953
2017-01-26,1812
2017-01-27,2052
2017-01-28,1343
2017-01-29,2152
2017-01-30,1924
2017-01-31,2037
2017-02-01,2062
2017-02-02,1982
2017-02-03,1917
2017-02-04,1710
2017-02-05,1498
2017-02-06,2176
2017-02-07,2287
2017-02-08,2227
2017-02-09,2071
2017-02-10,1854
2017-02-11,1302
2017-02-12,1483
2017-02-13,1936
2017-02-14,2120
2017-02-15,2144
2017-02-16,2124
2017-02-17,1987
2017-02-18,1457
2017-02-19,1575
2017-02-20,2040
2017-02-21,2222
2017-02-22,2081
2017-02-23,2071
2017-02-24,1784
2017-02-25,1417
2017-02-26,1620
2017-02-27,2347
2017-02-28,2291
2017-03-01,2190
2017-03-02,2117
2017-03-03,1979
2017-03-04,1529
2017-03-05,1518
2017-03-06,2035
2017-03-07,2181
2017-03-08,1950
2017-03-09,2002
2017-03-10,1728
2017-03-11,1328
2017-03-12,1378
2017-03-13,1849
2017-03-14,2117
2017-03-15,1870
2017-03-16,1917
2017-03-17,1874
2017-03-18,1644
2017-03-19,1593
2017-03-20,1984
2017-03-21,2053
2017-03-22,1953
2017-03-23,1916
2017-03-24,1802
2017-03-25,1466
2017-03-26,1411
2017-03-27,1979
2017-03-28,1967
2017-03-29,1990
2017-03-30,1868
2017-03-31,1671
2017-04-01,1280
2017-04-02,1372
2017-04-03,1894
2017-04-04,1857
2017-04-05,1839
2017-04-06,1879
2017-04-07,1467
2017-04-08,1162
2017-04-09,1318
2017-04-10,1848
2017-04-11,1763
2017-04-12,1772
2017-04-13,1655
2017-04-14,1224
2017-04-15,1151
2017-04-16,1187
2017-04-17,1576
2017-04-18,1944
2017-04-19,1887
2017-04-20,1683
2017-04-21,1561
2017-04-22,1447
2017-04-23,1391
2017-04-24,1858
2017-04-25,1938
2017-04-26,1884
2017-04-27,1887
2017-04-28,1582
2017-04-29,1152
2017-04-30,1284
2017-05-01,1860
2017-05-02,1894
2017-05-03,1917
2017-05-04,1996
2017-05-05,1721
2017-05-06,1305
2017-05-07,1498
2017-05-08,1945
2017-05-09,2010
2017-05-10,1894
2017-05-11,2037
2017-05-12,1644
2017-05-13,1357
2017-05-14,1367
2017-05-15,2042
2017-05-16,2051
2017-05-17,2045
2017-05-18,1922
2017-05-19,2244
2017-05-20,1315
2017-05-21,1380
2017-05-22,1828
2017-05-23,1929
2017-05-24,1732
2017-05-25,1750
2017-05-26,1453
2017-05-27,1195
2017-05-28,1187
2017-05-29,1423
2017-05-30,1704
2017-05-31,1866
2017-06-01,1646
2017-06-02,1431
2017-06-03,1111
2017-06-04,1182
2017-06-05,1590
2017-06-06,1820
2017-06-07,1727
2017-06-08,1569
2017-06-09,1502
2017-06-10,1314
2017-06-11,1313
2017-06-12,1641
2017-06-13,1741
2017-06-14,1739
2017-06-15,1765
2017-06-16,1510
2017-06-17,1330
2017-06-18,1338
2017-06-19,1622
2017-06-20,1826
2017-06-21,1795
2017-06-22,1756
2017-06-23,1672
2017-06-24,1089
2017-06-25,1117
2017-06-26,1800
2017-06-27,1581
2017-06-28,1644
2017-06-29,1639
2017-06-30,1422
2017-07-01,1211
2017-07-02,1348
2017-07-03,1568
2017-07-04,1637
2017-07-05,1637
2017-07-06,1833
2017-07-07,1451
2017-07-08,1255
2017-07-09,1334
2017-07-10,1656
2017-07-11,1785
2017-07-12,1661
2017-07-13,1694
2017-07-14,1483
2017-07-15,1287
2017-07-16,1419
2017-07-17,1676
2017-07-18,1656
2017-07-19,1701
2017-07-20,1852
2017-07-21,1557
2017-07-22,1267
2017-07-23,1350
2017-07-24,1572
2017-07-25,1624
2017-07-26,1663
2017-07-27,1564
2017-07-28,1502
2017-07-29,1292
2017-07-30,1395
2017-07-31,1628
2017-08-01,1635
2017-08-02,1569
2017-08-03,1745
2017-08-04,1389
2017-08-05,1164
2017-08-06,1271
2017-08-07,1541
2017-08-08,1712
2017-08-09,1603
2017-08-10,1774
2017-08-11,2259
2017-08-12,1137
2017-08-13,1111
2017-08-14,1371
2017-08-15,1437
2017-08-16,1701
2017-08-17,2431
2017-08-18,1752
2017-08-19,1241
2017-08-20,1372
2017-08-21,1980
2017-08-22,2003
2017-08-23,1843
2017-08-24,1753
2017-08-25,1551
2017-08-26,1206
2017-08-27,1328
2017-08-28,1742
2017-08-29,1872
2017-08-30,1936
2017-08-31,1701
2017-09-01,1407
2017-09-02,1135
2017-09-03,1288
2017-09-04,2279
2017-09-05,1673
2017-09-06,1884
2017-09-07,1999
2017-09-08,1797
2017-09-09,1548
2017-09-10,1586
2017-09-11,2744
2017-09-12,2061
2017-09-13,2341
2017-09-14,2231
2017-09-15,1821
2017-09-16,1274
2017-09-17,2219
2017-09-18,1943
2017-09-19,2148
2017-09-20,1924
2017-09-21,1863
2017-09-22,1625
2017-09-23,1393
2017-09-24,2180
2017-09-25,2171
2017-09-26,2102
2017-09-27,2161
2017-09-28,1899
2017-09-29,1683
2017-09-30,1122
2017-10-01,1186
2017-10-02,2759
2017-10-03,1899
2017-10-04,1998
2017-10-05,2064
2017-10-06,1694
2017-10-07,1223
2017-10-08,1463
2017-10-09,2116
2017-10-10,2245
2017-10-11,2935
2017-10-12,2845
2017-10-13,1808
2017-10-14,2059
2017-10-15,1450
2017-10-16,1746
2017-10-17,1671
2017-10-18,1774
2017-10-19,1656
2017-10-20,1534
2017-10-21,1163
2017-10-22,1381
2017-10-23,1886
2017-10-24,1851
2017-10-25,1926
2017-10-26,2602
2017-10-27,1776
2017-10-28,1392
2017-10-29,1560
2017-10-30,2109
2017-10-31,1917
2017-11-01,1886
2017-11-02,2711
2017-11-03,2035
2017-11-04,1766
2017-11-05,1599
2017-11-06,2094
2017-11-07,2197
2017-11-08,2190
2017-11-09,2114
2017-11-10,1739
2017-11-11,1501
2017-11-12,1574
2017-11-13,1938
2017-11-14,2151
2017-11-15,2150
2017-11-16,2095
2017-11-17,1874
2017-11-18,1406
2017-11-19,1631
2017-11-20,2106
2017-11-21,2237
2017-11-22,2046
2017-11-23,1768
2017-11-24,1633
2017-11-25,1365
2017-11-26,1599
2017-11-27,2129
2017-11-28,2289
2017-11-29,2120
2017-11-30,2112
2017-12-01,1825
2017-12-02,1495
2017-12-03,1542
2017-12-04,2161
2017-12-05,2164
2017-12-06,2520
2017-12-07,2071
2017-12-08,1846
2017-12-09,1907
2017-12-10,1547
2017-12-11,1978
2017-12-12,1955
2017-12-13,1857
2017-12-14,1653
2017-12-15,1560
2017-12-16,1200
2017-12-17,1233
2017-12-18,2623
2017-12-19,1560
2017-12-20,1441
2017-12-21,1545
2017-12-22,1176
2017-12-23,1082
2017-12-24,944
2017-12-25,979
2017-12-26,1228
2017-12-27,1338
2017-12-28,1407
2017-12-29,1255
2017-12-30,1348
2017-12-31,1037
2018-01-01,1172
2018-01-02,1642
2018-01-03,1666
2018-01-04,1742
2018-01-05,1496
2018-01-06,1294
2018-01-07,1453
2018-01-08,2332
2018-01-09,2102
2018-01-10,2218
2018-01-11,2437
2018-01-12,2066
2018-01-13,1390
2018-01-14,1590
2018-01-15,1859
2018-01-16,2108
2018-01-17,2036
2018-01-18,2364
2018-01-19,1929
2018-01-20,1488
2018-01-21,1546
2018-01-22,2179
2018-01-23,2245
2018-01-24,2196
2018-01-25,1990
2018-01-26,1627
2018-01-27,1322
2018-01-28,1605
2018-01-29,1958
2018-01-30,2153
2018-01-31,2043
2018-02-01,2000
2018-02-02,1856
2018-02-03,1402
2018-02-04,1498
2018-02-05,2196
2018-02-06,2143
2018-02-07,2543
2018-02-08,2150
2018-02-09,1971
2018-02-10,1355
2018-02-11,1728
2018-02-12,2028
2018-02-13,1976
2018-02-14,2016
2018-02-15,2217
2018-02-16,1879
2018-02-17,1391
2018-02-18,1566
2018-02-19,2050
2018-02-20,2292
2018-02-21,2279
2018-02-22,2223
2018-02-23,1931
2018-02-24,1526
2018-02-25,1837
2018-02-26,2384
2018-02-27,2399
2018-02-28,2334
2018-03-01,1870
2018-03-02,2182
2018-03-03,1423
2018-03-04,1739
2018-03-05,2190
2018-03-06,2299
2018-03-07,2337
2018-03-08,2142
2018-03-09,1865
2018-03-10,1434
2018-03-11,1729
2018-03-12,2092
2018-03-13,2255
2018-03-14,2053
2018-03-15,2078
2018-03-16,1881
2018-03-17,1356
2018-03-18,1561
2018-03-19,2010
2018-03-20,1894
2018-03-21,1990
2018-03-22,1984
2018-03-23,2002
2018-03-24,1373
2018-03-25,1440
2018-03-26,1875
2018-03-27,1874
2018-03-28,1808
2018-03-29,2294
2018-03-30,1409
2018-03-31,1323
2018-04-01,1219
2018-04-02,1768
2018-04-03,1832
2018-04-04,1849
2018-04-05,1786
2018-04-06,1570
2018-04-07,1263
2018-04-08,1298
2018-04-09,1948
2018-04-10,2010
2018-04-11,2085
2018-04-12,1958
2018-04-13,1647
2018-04-14,1294
2018-04-15,1432
2018-04-16,1999
2018-04-17,1965
2018-04-18,1916
2018-04-19,1786
2018-04-20,1574
2018-04-21,1220
2018-04-22,1433
2018-04-23,2006
2018-04-24,1933
2018-04-25,2056
2018-04-26,1790
2018-04-27,1591
2018-04-28,1187
2018-04-29,1278
2018-04-30,1613
2018-05-01,1633
2018-05-02,1827
2018-05-03,1949
2018-05-04,1529
2018-05-05,1231
2018-05-06,1318
2018-05-07,1879
2018-05-08,2636
2018-05-09,1990
2018-05-10,1850
2018-05-11,1718
2018-05-12,1242
2018-05-13,1334
2018-05-14,2022
2018-05-15,1859
2018-05-16,1892
2018-05-17,1939
2018-05-18,1698
2018-05-19,1198
2018-05-20,1388
2018-05-21,1913
2018-05-22,1908
2018-05-23,1959
2018-05-24,1808
2018-05-25,1580
2018-05-26,1268
2018-05-27,1373
2018-05-28,1754
2018-05-29,1911
2018-05-30,1886
2018-05-31,1736
2018-06-01,1583
2018-06-02,1405
2018-06-03,1339
2018-06-04,1908
2018-06-05,1909
2018-06-06,1950
2018-06-07,1775
2018-06-08,1611
2018-06-09,1369
2018-06-10,1339
2018-06-11,1833
2018-06-12,1805
2018-06-13,1688
2018-06-14,1503
2018-06-15,1380
2018-06-16,1135
2018-06-17,9306
2018-06-18,1715
2018-06-19,1876
2018-06-20,1746
2018-06-21,1800
2018-06-22,1566
2018-06-23,1479
2018-06-24,1674
2018-06-25,1758
2018-06-26,1837
2018-06-27,1738
2018-06-28,1669
2018-06-29,1576
2018-06-30,1226
2018-07-01,1318
2018-07-02,1654
2018-07-03,1674
2018-07-04,1590
2018-07-05,1672
2018-07-06,1537
2018-07-07,1195
2018-07-08,1601
2018-07-09,1677
2018-07-10,1703
2018-07-11,1655
2018-07-12,1609
2018-07-13,1542
2018-07-14,1283
2018-07-15,1362
2018-07-16,1584
2018-07-17,1540
2018-07-18,1732
2018-07-19,1691
2018-07-20,1415
2018-07-21,1244
2018-07-22,1344
2018-07-23,1650
2018-07-24,1802
2018-07-25,3420
2018-07-26,1759
2018-07-27,1537
2018-07-28,1322
2018-07-29,1494
2018-07-30,1865
2018-07-31,1842
2018-08-01,1848
2018-08-02,1893
2018-08-03,1593
2018-08-04,1502
2018-08-05,1304
2018-08-06,1807
2018-08-07,1694
2018-08-08,1837
2018-08-09,1679
2018-08-10,1440
2018-08-11,1229
2018-08-12,1464
2018-08-13,1724
2018-08-14,1669
2018-08-15,1683
2018-08-16,1770
2018-08-17,1542
2018-08-18,1165
2018-08-19,1416
2018-08-20,1782
2018-08-21,1865
2018-08-22,1680
2018-08-23,1801
2018-08-24,1627
2018-08-25,1206
2018-08-26,2034
2018-08-27,2009
2018-08-28,2213
2018-08-29,2222
2018-08-30,1983
2018-08-31,1714
2018-09-01,1380
2018-09-02,1594
2018-09-03,1852
2018-09-04,2017
2018-09-05,2036
2018-09-06,2080
2018-09-07,1721
2018-09-08,1413
2018-09-09,1474
2018-09-10,1984
2018-09-11,2060
2018-09-12,1924
2018-09-13,1813
2018-09-14,1778
2018-09-15,1346
2018-09-16,1440
2018-09-17,1955
2018-09-18,1969
2018-09-19,1916
2018-09-20,1836
2018-09-21,1645
2018-09-22,1210
2018-09-23,1420
2018-09-24,1875
2018-09-25,1913
2018-09-26,1931
2018-09-27,1867
2018-09-28,1678
2018-09-29,1269
2018-09-30,1464
2018-10-01,1792
2018-10-02,1697
2018-10-03,1972
2018-10-04,1904
2018-10-05,1644
2018-10-06,1200
2018-10-07,1364
2018-10-08,1891
2018-10-09,1763
2018-10-10,1700
2018-10-11,1771
2018-10-12,2023
2018-10-13,1210
2018-10-14,1311
2018-10-15,1736
2018-10-16,1852
2018-10-17,1735
2018-10-18,1536
2018-10-19,1419
2018-10-20,1119
2018-10-21,1173
2018-10-22,2607
2018-10-23,1649
2018-10-24,1852
2018-10-25,1694
2018-10-26,1559
2018-10-27,1272
2018-10-28,1403
2018-10-29,1886
2018-10-30,1864
2018-10-31,1681
2018-11-01,1645
2018-11-02,1628
2018-11-03,1287
2018-11-04,1315
2018-11-05,1948
2018-11-06,1730
2018-11-07,1876
2018-11-08,1744
2018-11-09,1445
2018-11-10,1433
2018-11-11,1491
2018-11-12,1975
2018-11-13,1840
2018-11-14,1866
2018-11-15,1886
2018-11-16,1570
2018-11-17,1253
2018-11-18,1322
2018-11-19,1697
2018-11-20,1621
2018-11-21,1595
2018-11-22,1753
2018-11-23,1394
2018-11-24,1129
2018-11-25,1456
2018-11-26,1712
2018-11-27,1930
2018-11-28,1989
2018-11-29,1958
2018-11-30,2111
2018-12-01,1724
2018-12-02,2020
2018-12-03,2394
2018-12-04,2808
2018-12-05,2636
2018-12-06,2519
2018-12-07,1900
2018-12-08,1586
2018-12-09,2268
2018-12-10,1856
2018-12-11,1741
2018-12-12,1819
2018-12-13,1636
2018-12-14,2156
2018-12-15,1116
2018-12-16,1497
2018-12-17,1632
2018-12-18,1591
2018-12-19,1432
2018-12-20,1388
2018-12-21,1147
2018-12-22,907
2018-12-23,1018
2018-12-24,1095
2018-12-25,958
2018-12-26,1122
2018-12-27,1244
2018-12-28,1060
2018-12-29,1023
2018-12-30,1045
2018-12-31,965
2019-01-01,1063
2019-01-02,2173
2019-01-03,1339
2019-01-04,1439
2019-01-05,1182
2019-01-06,1380
2019-01-07,1737
2019-01-08,1628
2019-01-09,1865
2019-01-10,1843
2019-01-11,1640
2019-01-12,1260
2019-01-13,1322
2019-01-14,1694
2019-01-15,1704
2019-01-16,1845
2019-01-17,1779
2019-01-18,1789
2019-01-19,1149
2019-01-20,1328
2019-01-21,1709
2019-01-22,1944
2019-01-23,1975
2019-01-24,1919
2019-01-25,1576
2019-01-26,1198
2019-01-27,1235
2019-01-28,1754
2019-01-29,2109
2019-01-30,1834
2019-01-31,1977
2019-02-01,1671
2019-02-02,1210
2019-02-03,1379
2019-02-04,1746
2019-02-05,2037
2019-02-06,2039
2019-02-07,1776
2019-02-08,1553
2019-02-09,1263
2019-02-10,1411
2019-02-11,1935
2019-02-12,1895
2019-02-13,2150
2019-02-14,2115
2019-02-15,1735
2019-02-16,1336
2019-02-17,1387
2019-02-18,1704
2019-02-19,2615
2019-02-20,1829
2019-02-21,2042
2019-02-22,1671
2019-02-23,1267
2019-02-24,1341
2019-02-25,2573
2019-02-26,1850
2019-02-27,1919
2019-02-28,1809
2019-03-01,1494
2019-03-02,1989
2019-03-03,1301
2019-03-04,1677
2019-03-05,1712
2019-03-06,1696
2019-03-07,1562
2019-03-08,1454
2019-03-09,1222
2019-03-10,1333
2019-03-11,1679
2019-03-12,2617
2019-03-13,1863
2019-03-14,1824
2019-03-15,1488
2019-03-16,1969
2019-03-17,1245
2019-03-18,1561
2019-03-19,1564
2019-03-20,1565
2019-03-21,1549
2019-03-22,2250
2019-03-23,1055
2019-03-24,1248
2019-03-25,1756
2019-03-26,1587
2019-03-27,1806
2019-03-28,1731
2019-03-29,1539
2019-03-30,1076
2019-03-31,1248
2019-04-01,1761
2019-04-02,1589
2019-04-03,1755
2019-04-04,1807
2019-04-05,1434
2019-04-06,997
2019-04-07,1333
2019-04-08,1596
2019-04-09,1660
2019-04-10,1562
2019-04-11,1558
2019-04-12,1401
2019-04-13,1474
2019-04-14,1241
2019-04-15,1502
2019-04-16,1380
2019-04-17,1449
2019-04-18,1316
2019-04-19,1123
2019-04-20,1042
2019-04-21,1120
2019-04-22,1516
2019-04-23,1523
2019-04-24,1522
2019-04-25,1508
2019-04-26,1261
2019-04-27,1101
2019-04-28,1209
2019-04-29,2146
2019-04-30,1498
2019-05-01,1372
2019-05-02,1428
2019-05-03,1376
2019-05-04,1034
2019-05-05,1113
2019-05-06,1459
2019-05-07,1577
2019-05-08,2083
2019-05-09,1662
2019-05-10,1380
2019-05-11,1118
2019-05-12,1161
2019-05-13,1687
2019-05-14,1551
2019-05-15,1647
2019-05-16,1578
2019-05-17,1801
2019-05-18,1118
2019-05-19,1099
2019-05-20,1800
2019-05-21,1695
2019-05-22,1567
2019-05-23,1595
